{"cameraMode":{"drawMode":0,"name":"Shaded","section":"Shading Mode"},"sceneLighting":false,"audioPlay":false,"sceneViewState":{"m_AlwaysRefresh":false,"showFog":true,"showSkybox":true,"showFlares":true,"showImageEffects":true,"showParticleSystems":true,"showVisualEffectGraphs":true,"m_FxEnabled":true},"in2DMode":false,"pivot":{"x":-0.6046314239501953,"y":1.8866870403289796,"z":7.0493879318237309},"rotation":{"x":0.14550188183784486,"y":0.435863196849823,"z":-0.07163494825363159,"w":0.8852884769439697},"size":3.3847928047180177,"orthographic":false}