{"cameraMode":{"drawMode":0,"name":"Shaded","section":"Shading Mode"},"sceneLighting":false,"audioPlay":false,"sceneViewState":{"m_AlwaysRefresh":false,"showFog":true,"showSkybox":false,"showFlares":true,"showImageEffects":true,"showParticleSystems":true,"showVisualEffectGraphs":true,"m_FxEnabled":true},"in2DMode":false,"pivot":{"x":-1.3882460594177247,"y":1.3215508460998536,"z":4.5401530265808109},"rotation":{"x":0.30172061920166018,"y":0.5093026757240295,"z":-0.19660122692584992,"w":0.7816169261932373},"size":9.104126930236817,"orthographic":false}