{"cameraMode":{"drawMode":0,"name":"Shaded","section":"Shading Mode"},"sceneLighting":true,"audioPlay":false,"sceneViewState":{"m_AlwaysRefresh":false,"showFog":true,"showSkybox":false,"showFlares":true,"showImageEffects":true,"showParticleSystems":true,"showVisualEffectGraphs":true,"m_FxEnabled":true},"in2DMode":false,"pivot":{"x":4.364663124084473,"y":2.0350615978240969,"z":5.0048298835754398},"rotation":{"x":0.06213761866092682,"y":0.7151864171028137,"z":-0.06410617381334305,"w":0.6932105422019959},"size":9.340799331665039,"orthographic":false}